"tree.id","former.id","species","dbh","x","y","elev","plot.id","cluster"
"1402","","PIPO","87.1",62455,-86587,1719,"RR20","SH"
"4020","","PSME","76.5",-88233,100324,379,"HEN1","NL"
"1403","","ABCO","45.3",62462,-86585,1720,"RR20","SH"
"4021","","PSME","59",-88229,100335,373,"HEN1","NL"
"4038","","PSME","27.2",-83918,105129,425,"ULC1","NL"
"1404","","ABCO","43.9",62472,-86583,1723,"RR20","SH"
"4022","","PSME","27.8",-88236,100337,372,"HEN1","NL"
"4039","","PSME","30.3",-83925,105123,430,"ULC1","NL"
"1445","","PILA","40.1",-48875,130182,1712,"ZA04A","NH"
"1405","","PSME","53",62482,-86582,1726,"RR20","SH"
"1382","","PIPO","62.8",-49131,130830,1676,"ZA03","NH"
"4023","","PSME","28.6",-88239,100336,373,"HEN1","NL"
"4040","","PSME","28.4",-83923,105126,428,"ULC1","NL"
"1446","","PILA","101.7",-48871,130173,1719,"ZA04A","NH"
"1471","","ABCO","70.1",-54422,130069,1463,"WA01","NH"
"1406","","ABCO","32.2",62493,-86571,1726,"RR20","SH"
"1383","","PSME","96.4",-49140,130826,1676,"ZA03","NH"
"4024","","PSME","31.1",-88253,100331,377,"HEN1","NL"
"4001","","PSME","51",-89491,102247,252,"LLC1","NL"
"1434","","PSME","63.7",10554,-48004,1098,"YB01F","SL"
"4041","","PSME","30.3",-83930,105126,429,"ULC1","NL"
"1447","","PSME","62.2",-48860,130180,1714,"ZA04A","NH"
"1472","","PILA","57.4",-54431,130077,1464,"WA01","NH"
"1095","","ABCO","74.2",-102900,188422,1184,"SS81","NH"
"1407","","PSME","31.7",62487,-86563,1723,"RR20","SH"
"2001","","PSME","43.6",31571,-32312,1214,"RS98F","SL"
"1384","","PSME","47.8",-49145,130832,1678,"ZA03","NH"
"1303","","PIPO","128",-61844,111676,725,"SSA15","NL"
"1359","","PSME","52.2",-45380,121765,1781,"ZA10A-C","NH"
"4025","","PISA","22.5",-88252,100333,376,"HEN1","NL"
"4002","","PSME","51",-89486,102255,249,"LLC1","NL"
"1435","","PSME","77.2",10548,-48003,1097,"YB01F","SL"
"4042","","PSME","32.7",-83932,105127,429,"ULC1","NL"
"1448","","PSME","35.6",-48857,130185,1713,"ZA04A","NH"
"1474","","PSME","52.2",-54429,130082,1463,"WA01","NH"
"1094","","PSME","45.1",-102899,188424,1184,"SS81","NH"
"2100","","PSME","171.9",15375,-26280,1483,"RS91","SL"
"1408","","PIPO","29.8",62488,-86557,1722,"RR20","SH"
"2003","","PIPO","41.2",31567,-32302,1215,"RS98F","SL"
"2022","","PSME","96.6",30545,-33509,1254,"RS58","SL"
"2563","","PSME","27.7",28501,-52322,1200,"RT02","SL"
"1385","","PIPO","90.6",-49159,130818,1677,"ZA03","NH"
"1304","","PSME","150",-61836,111688,720,"SSA15","NL"
"1362","","PIPO","43",-45406,121762,1789,"ZA10A-C","NH"
"4026","","PSME","36",-88254,100332,377,"HEN1","NL"
"4003","","PSME","28",-89470,102256,246,"LLC1","NL"
"1144","","PIPO","34.8",1481,-21023,1108,"LESTAN","SL"
"1436","","PSME","47.5",10542,-48003,1096,"YB01F","SL"
"4043","","PSME","31.3",-83932,105127,429,"ULC1","NL"
"1449","","PILA","64.5",-48856,130191,1711,"ZA04A","NH"
"1475","","PILA","100.6",-54430,130086,1463,"WA01","NH"
"1397","","PSME","79.3",-64021,117767,1245,"SS24","NH"
"1034","","PSME","44.3",-102907,188421,1182,"SS81","NH"
"2104","","PSME","93.8",15380,-26339,1492,"RS91","SL"
"2049","","PSME","68.9",17769,-10354,1368,"RS77","SL"
"1410","","PIPO","31.5",62495,-86554,1723,"RR20","SH"
"2004","","PSME","45.7",31563,-32294,1215,"RS98F","SL"
"2024","","PSME","74.6",30534,-33514,1255,"RS58","SL"
"2566","","ABCO","41.2",28496,-52322,1200,"RT02","SL"
"1386","","PSME","42.5",-49163,130824,1679,"ZA03","NH"
"1305","","PIPO","135.5",-61823,111654,734,"SSA15","NL"
"1361","","PIPO","73",-45405,121748,1788,"ZA10A-C","NH"
"4027","","PSME","34.4",-88260,100329,379,"HEN1","NL"
"4004","","PSME","36",-89468,102254,246,"LLC1","NL"
"1145","","PSME","114.4",1469,-21031,1109,"LESTAN","SL"
"1111","","PIPO","76.2",2834,-21360,1197,"YSO3","SL"
"1254","","PSME","48.6",62802,-84119,1679,"RR33","SH"
"1437","","PIPO","49.5",10532,-48003,1093,"YB01F","SL"
"2116","","PSME","68.9",15619,-26032,1478,"RS91H","SL"
"2600","","PIPO","73.5",30045,-33420,1201,"TEDDY","SL"
"4044","","PSME","42.8",-83936,105123,432,"ULC1","NL"
"1450","","PSME","56",-48846,130187,1715,"ZA04A","NH"
"1479","","PSME","180.2",-54466,130078,1467,"WA01","NH"
"1488","","PSME","59",-64028,117772,1246,"SS24","NH"
"1035","","PSME","42.9",-102910,188420,1181,"SS81","NH"
"1088","","PSME","117.5",-102689,188593,1123,"SS81B","NH"
"2106","","PSME","135.1",15394,-26340,1489,"RS91","SL"
"2151","","PIPO","68.7",25651,-33219,1431,"RS54","SL"
"2050","","PSME","44.1",17780,-10351,1368,"RS77","SL"
"2040","","PIPO","89.8",16673,-11851,1428,"RS85B","SL"
"1409","","PSME","46.1",62508,-86551,1726,"RR20","SH"
"2008","","PSME","50.6",31555,-32302,1215,"RS98F","SL"
"2025","","PSME","103.6",30533,-33514,1255,"RS58","SL"
"2501","","ABCO","32",28005,-48935,1463,"SA03","SL"
"2527","","PSME","43.8",33184,-52959,1277,"RS10","SL"
"2569","","PSME","123.5",28494,-52331,1204,"RT02","SL"
"1387","","PSME","25.4",-49168,130824,1680,"ZA03","NH"
"1307","","PSME","94.5",-61810,111677,729,"SSA15","NL"
"1363","","PSME","45",-45413,121747,1791,"ZA10A-C","NH"
"4028","","PSMA","55.5",-88268,100327,379,"HEN1","NL"
"4005","","PSME","34.4",-89463,102266,241,"LLC1","NL"
"1226","","PIPO","62.1",65210,-91544,1402,"RR7","SL"
"1134","","PIPO","37",7507,-23025,1256,"HARDIN B","SL"
"1147","","PSME","84.2",1460,-21038,1110,"LESTAN","SL"
"1146","","PIPO","74.2",1472,-21044,1114,"LESTAN","SL"
"1112","","PIPO","42.7",2841,-21373,1197,"YSO3","SL"
"1221","","PSME","52.7",66661,-91290,1530,"RT02C","SH"
"1258","","ABCO","43.3",62807,-84125,1683,"RR33","SH"
"1271","","PSME","62.5",63270,-86832,1941,"RR71","SH"
"1438","","PIPO","49.9",10530,-48006,1092,"YB01F","SL"
"1499","","PIPO","45.1",10303,-48118,1110,"YB01A","SL"
"2122","","PSME","53.9",15633,-26063,1472,"RS91H","SL"
"2601","","ABCO","41",30039,-33435,1202,"TEDDY","SL"
"4045","","PSME","44.2",-83932,105117,434,"ULC1","NL"
"1451","","PILA","69.5",-48847,130185,1716,"ZA04A","NH"
"1463","","PIPO","55.7",-46984,129468,1939,"ZA07","NH"
"1481","","ABCO","83.5",-54489,130077,1466,"WA01","NH"
"4218","","PSME","38",-83858,105081,429,"ULC1B","NL"
"1489","","PIPO","80.3",-64027,117786,1246,"SS24","NH"
"1036","","PSME","28.5",-102905,188416,1184,"SS81","NH"
"1044","","ABCO","103.5",-102696,188602,1120,"SS81B","NH"
"2107","","ABCO","65.4",15383,-26346,1492,"RS91","SL"
"2152","","PSME","71.8",25647,-33208,1428,"RS54","SL"
"2051","","PSME","33.9",17794,-10338,1363,"RS77","SL"
"2041","","PSME","81.1",16668,-11845,1428,"RS85B","SL"
"1411","","PSME","39",62493,-86540,1719,"RR20","SH"
"2009","","PIPO","34.4",31553,-32307,1215,"RS98F","SL"
"2026","","PSME","61.6",30514,-33508,1254,"RS58","SL"
"2502","","ABCO","42.8",28003,-48924,1460,"SA03","SL"
"2509","","PIPO","126.7",27982,-48939,1461,"SA03","SL"
"2528","","PIPO","115.1",33179,-52947,1276,"RS10","SL"
"2535","","PSME","49.2",33204,-53003,1279,"RS10","SL"
"2572","","ABCO","37.2",28483,-52324,1201,"RT02","SL"
"1388","","PIPO","58.5",-49176,130845,1687,"ZA03","NH"
"1308","","PIPO","52",-61818,111675,728,"SSA15","NL"
"1365","","PSME","58",-45412,121754,1791,"ZA10A-C","NH"
"4212","","PIPO","63.8",-82150,106287,596,"ARE1","NL"
"4029","","PIPO","49.9",-88266,100337,374,"HEN1","NL"
"4006","","PSME","83",-89463,102282,235,"LLC1","NL"
"1227","","PIPO","102.8",65208,-91537,1400,"RR7","SL"
"PM14","","PSME","56.5",9837,-23102,1368,"HARDIN","SL"
"1135","","PSME","93.4",7502,-23028,1255,"HARDIN B","SL"
"1148","","PIPO","79.5",1455,-21033,1107,"LESTAN","SL"
"1155","","PSME","47.9",1480,-21055,1120,"LESTAN","SL"
"1113","","PILA","67.3",2843,-21369,1197,"YSO3","SL"
"1222","","PSME","44.6",66654,-91292,1528,"RT02C","SH"
"1259","","PSME","78.4",62821,-84125,1687,"RR33","SH"
"1269","","PSME","50.5",63267,-86835,1940,"RR71","SH"
"1280","","PSME","28.8",67009,-90762,1566,"RT02D","SH"
"1275","","PIPO","51.5",67001,-90761,1565,"RT02D","SH"
"1441","","PIPO","40.5",10526,-48008,1090,"YB01F","SL"
"1418","","PSME","71.2",10302,-48119,1110,"YB01A","SL"
"2142","","PSME","59.3",33208,-31896,1238,"RS98B","SL"
"2124","","ABCO","70",15639,-26064,1473,"RS91H","SL"
"2134","","PSME","72.9",15772,-26054,1494,"RS91H","SL"
"2602","","ABCO","45.8",30032,-33455,1204,"TEDDY","SL"
"4046","","PSME","35.8",-83933,105122,432,"ULC1","NL"
"1452","","PSME","55.3",-48845,130198,1710,"ZA04A","NH"
"1464","","PSME","47.9",-46994,129462,1934,"ZA07","NH"
"1480","","PILA","157.3",-54495,130089,1464,"WA01","NH"
"4219","","PSME","27",-83862,105076,428,"ULC1B","NL"
"1490","","PSME","83",-64021,117780,1246,"SS24","NH"
"1037","","PSME","37.7",-102907,188414,1184,"SS81","NH"
"1045","","PSME","110.4",-102703,188604,1120,"SS81B","NH"
"2108","","PSME","136.2",15380,-26384,1500,"RS91","SL"
"2156","","PSME","35.1",25646,-33197,1426,"RS54","SL"
"2089","","PILA","89.6",12056,-26681,1706,"S1A","SH"
"2052","","PSME","67.5",17799,-10351,1370,"RS77","SL"
"2056","","PSME","77.3",14528,-12546,1552,"RS78","SH"
"2034","","PSME","47.4",16748,-11857,1428,"RS85B","SL"
"2042","","PIPO","77.6",16644,-11832,1424,"RS85B","SL"
"1412","","ABCO","33.7",62490,-86537,1718,"RR20","SH"
"2010","","PIPO","34.3",31552,-32306,1215,"RS98F","SL"
"2027","","PSME","56.4",30511,-33517,1257,"RS58","SL"
"2503","","ABCO","55",27996,-48921,1458,"SA03","SL"
"2510","","PIPO","142.9",27993,-48944,1464,"SA03","SL"
"2529","","PIPO","115.9",33163,-52957,1279,"RS10","SL"
"2536","","PIPO","123.9",33197,-53013,1280,"RS10","SL"
"2573","","PSME","30.8",28481,-52328,1203,"RT02","SL"
"1389","","PIPO","55.4",-49177,130846,1688,"ZA03","NH"
"1309","","PSME","82.5",-61796,111693,729,"SSA15","NL"
"1348","","PSME","72.4",-45793,121743,1819,"ZA09","NH"
"1372","","PSME","56.2",-43015,122465,1591,"A1","NH"
"1366","","PIPO","54",-45416,121748,1792,"ZA10A-C","NH"
"4208","","PIPO","54.8",-82149,106282,595,"ARE1","NL"
"4213","","PIPO","71.5",-82151,106300,596,"ARE1","NL"
"4030","","PISA","53",-88271,100332,377,"HEN1","NL"
"4007","","PSME","81.4",-89470,102286,236,"LLC1","NL"
"1228","","PSME","36.9",65221,-91543,1400,"RR7","SL"
"PM15","","PSME","29.7",9842,-23104,1368,"HARDIN","SL"
"1108","PM25","PSME","41.6",9894,-23084,1362,"HARDIN","SL"
"1136","","PIPO","48",7495,-23031,1254,"HARDIN B","SL"
"1150","","PIPO","64.7",1432,-21041,1105,"LESTAN","SL"
"1156","","PSME","39.8",1484,-21056,1121,"LESTAN","SL"
"1123","","PIPO","90.1",2788,-21286,1195,"YSO3","SL"
"1116","","PSME","52.9",2820,-21381,1195,"YSO3","SL"
"1119","","PSME","70.4",2786,-21379,1191,"YSO3","SL"
"1070","PM186","PSME","51.7",66450,-91474,1515,"RT01","SL"
"1075","","PSME","37.4",66602,-91484,1525,"RT02B","SH"
"1223","","PSME","95.2",66652,-91308,1525,"RT02C","SH"
"1246","","PSME","43.5",62219,-85133,1700,"RR32","SH"
"1260","","PSME","122.2",62821,-84126,1688,"RR33","SH"
"1270","","PSME","44.8",63266,-86833,1940,"RR71","SH"
"1279","","PSME","27.8",67007,-90765,1567,"RT02D","SH"
"1274","","PIPO","29.9",67003,-90760,1565,"RT02D","SH"
"1439","","PIPO","55.5",10527,-48011,1090,"YB01F","SL"
"1498","","PIPO","57.8",10301,-48123,1111,"YB01A","SL"
"1497","","PIPO","62",10318,-48112,1107,"YB01A","SL"
"2143","","PIPO","92",33191,-31887,1243,"RS98B","SL"
"2119","","PSME","75.6",15631,-26025,1481,"RS91H","SL"
"2125","","PSME","60.1",15629,-26049,1475,"RS91H","SL"
"2123","","PIPO","115.1",15646,-26073,1471,"RS91H","SL"
"2137","","PSME","74.3",15772,-26042,1496,"RS91H","SL"
"2607","","PIPO","75.5",30032,-33424,1200,"TEDDY","SL"
"4047","","PSME","34.4",-83929,105122,431,"ULC1","NL"
"1453","","PILA","59.7",-48853,130191,1711,"ZA04A","NH"
"1457","","PILA","130.2",-48930,130113,1762,"ZA04A","NH"
"1465","","PIPO","42.7",-46977,129440,1938,"ZA07","NH"
"1476","","PSME","67.1",-54423,130029,1470,"WA01","NH"
"1482","","PSME","52.1",-54488,130093,1464,"WA01","NH"
"4220","","PSME","24.8",-83865,105081,428,"ULC1B","NL"
"1102","","PIPO","82.8",-64020,117799,1247,"SS24","NH"
"1024","","PSME","54.5",-108742,179921,626,"SSC1","NL"
"1027","","PSME","56.8",-108752,179921,623,"SSC1","NL"
"1009","","PIPO","83.3",-108597,179561,643,"SSC5B","NL"
"1099","","PIPO","77.5",-108546,179538,619,"SSC5B","NL"
"1038","","ABCO","54.4",-102909,188415,1183,"SS81","NH"
"1087","","PSME","56.5",-102703,188608,1118,"SS81B","NH"
"1049","","PIPO","36.5",-103121,188632,1153,"SS82","NH"
"2102","","PSME","109.2",15354,-26295,1489,"RS91","SL"
"2109","","ABCO","79.6",15377,-26379,1499,"RS91","SL"
"2113","","PSME","97.4",15375,-26344,1493,"RS91","SL"
"2157","","PIPO","56.2",25647,-33186,1424,"RS54","SL"
"2090","","PILA","60.2",12082,-26677,1700,"S1A","SH"
"2053","","PSME","65.6",17804,-10349,1369,"RS77","SL"
"2057","","PSME","69.2",14547,-12538,1554,"RS78","SH"
"2035","","PSME","60.6",16750,-11855,1427,"RS85B","SL"
"2043","","PSME","72.4",16645,-11829,1424,"RS85B","SL"
"1413","","PIPO","55.2",62500,-86525,1717,"RR20","SH"
"2005","","PIPO","44.8",31579,-32294,1215,"RS98F","SL"
"2011","","PSME","67",31549,-32304,1215,"RS98F","SL"
"2028","","ABCO","99.8",30500,-33526,1261,"RS58","SL"
"2504","","PSME","42.5",27980,-48931,1458,"SA03","SL"
"2513","","ABCO","34.4",28014,-48921,1460,"SA03","SL"
"2511","","PIPO","119.6",27968,-48923,1455,"SA03","SL"
"2520","","PIPO","42",28149,-48872,1452,"SA03","SL"
"2530","","PSME","41.6",33169,-52970,1280,"RS10","SL"
"2537","","ABCO","65",33207,-53011,1279,"RS10","SL"
"2574","","ABCO","27",28482,-52327,1203,"RT02","SL"
"1390","","PSME","31.8",-49180,130858,1692,"ZA03","NH"
"1317","","PSME","27.7",-52823,113478,1073,"ZA22","NL"
"1322","","PSME","28.5",-52805,113485,1075,"ZA22","NL"
"1326","","ABCO","110",-54395,115454,1349,"ZA24","NH"
"1331","","PSME","120.5",-54403,115430,1356,"ZA24","NH"
"1310","","PSME","94.5",-61780,111705,731,"SSA15","NL"
"1349","","PSME","51.5",-45804,121766,1812,"ZA09","NH"
"1373","","ABCO","78.6",-43006,122444,1600,"A1","NH"
"1367","","PSME","57.7",-45439,121773,1797,"ZA10A-C","NH"
"4201","","PSME","51.3",-82036,106473,586,"ARE1","NL"
"4209","","PIPO","48.4",-82143,106286,594,"ARE1","NL"
"4214","","PIPO","38.8",-82147,106316,596,"ARE1","NL"
"4016","","PISA","41.8",-88275,100299,390,"HEN1","NL"
"4031","","PIPO","48.5",-88282,100333,376,"HEN1","NL"
"4008","","PSME","45.5",-89477,102294,234,"LLC1","NL"
"1229","","PSME","50",65230,-91542,1399,"RR7","SL"
"2581","","PSME","76",28440,-51953,1216,"RS01","SL"
"1007","","PIPO","46.4",-108617,179551,642,"SSC5B","NL"
"PM16","","PSME","27.3",9847,-23103,1367,"HARDIN","SL"
"PM35","","PSME","60.4",9895,-23061,1362,"HARDIN","SL"
"1319","","PIPO","63.7",9888,-23085,1363,"HARDIN","SL"
"1137","","PSME","61.7",7485,-23034,1253,"HARDIN B","SL"
"1151","","PSME","43.1",1427,-21057,1109,"LESTAN","SL"
"1159","","PSME","34.5",1503,-21046,1120,"LESTAN","SL"
"1124","","PIPO","74.6",2789,-21293,1196,"YSO3","SL"
"1117","","PIPO","66.8",2818,-21390,1194,"YSO3","SL"
"1120","","PILA","66.3",2782,-21377,1191,"YSO3","SL"
"1062","PM195","PSME","39.6",66448,-91497,1517,"RT01","SL"
"1066","PM213","PSME","55.7",66477,-91508,1527,"RT01","SH"
"1068","PM208","PSME","46.3",66446,-91525,1516,"RT01","SL"
"1071","","PIPO","47",66446,-91482,1515,"RT01","SL"
"1076","","PSME","29.4",66604,-91485,1526,"RT02B","SH"
"1232","","PIPO","70.3",65202,-91538,1401,"RR7","SL"
"1237","","PIPO","68.9",66651,-91323,1523,"RT02C","SH"
"1224","","PSME","34.1",66659,-91309,1527,"RT02C","SH"
"1247","","PSME","61.2",62238,-85126,1704,"RR32","SH"
"1079","","PSME","67.9",62804,-84147,1690,"RR33","SH"
"1268","","PSME","56",63280,-86841,1948,"RR71","SH"
"1267","","PSME","47.8",63264,-86835,1939,"RR71","SH"
"1263","","ABCO","46.2",63271,-86820,1939,"RR71","SH"
"1278","","PSME","30.2",67009,-90765,1567,"RT02D","SH"
"1273","","PIPO","38.4",67010,-90757,1565,"RT02D","SH"
"1440","","PIPO","47.6",10531,-48009,1091,"YB01F","SL"
"1427","","PSME","37.7",10504,-47880,1112,"YB01B","SL"
"1430","","PSME","28.7",10512,-47918,1111,"YB01B","SL"
"1417","","PSME","36.8",10297,-48124,1112,"YB01A","SL"
"1494","","PIPO","41.7",10308,-48125,1111,"YB01A","SL"
"2140","","PSME","64.8",33190,-31907,1233,"RS98B","SL"
"2144","","PSME","36",33197,-31891,1241,"RS98B","SL"
"2146","","PIPO","31",33199,-31907,1233,"RS98B","SL"
"2148","","PSME","129.3",33236,-31880,1246,"RS98B","SL"
"2120","","PIPO","104.6",15633,-26019,1483,"RS91H","SL"
"2126","","PIPO","58.1",15627,-26050,1475,"RS91H","SL"
"2129","","ABCO","49.5",15653,-26067,1474,"RS91H","SL"
"2131","","PSME","84.5",15726,-26065,1484,"RS91H","SL"
"2138","","ABCO","60.2",15767,-26042,1495,"RS91H","SL"
"2548","","PSME","70.7",28249,-51801,1191,"RS01","SL"
"2557","","PIPO","35.9",27675,-51694,1184,"RS01","SL"
"2593","","ABCO","35.7",30054,-33432,1204,"TEDDY","SL"
"2596","","PIPO","71.4",30042,-33445,1204,"TEDDY","SL"
"2605","","ABCO","73",30008,-33455,1202,"TEDDY","SL"
"2608","","PSME","44.2",30042,-33415,1201,"TEDDY","SL"
"4048","","PSME","136.5",-83922,105116,432,"ULC1","NL"
"1454","","PSME","37.2",-48856,130184,1714,"ZA04A","NH"
"1458","","PSME","36.2",-48960,130138,1746,"ZA04A","NH"
"1461","","PIPO","36",-46989,129436,1934,"ZA07","NH"
"1467","","PIPO","29.6",-46975,129442,1938,"ZA07","NH"
"1477","","ABCO","57.2",-54425,130025,1471,"WA01","NH"
"1483","","ABCO","45.1",-54479,130100,1463,"WA01","NH"
"4221","","PSME","42.2",-83861,105096,425,"ULC1B","NL"
"1486","","PIPO","43.8",-64009,117762,1245,"SS24","NH"
"1491","","PSME","68",-64043,117774,1246,"SS24","NH"
"1057","","PIPO","73",-103101,188704,1166,"SS82","NH"
"1211","","PIPO","54.4",-92457,175116,1225,"SSA76","NH"
"1213","","PIPO","33.4",-92422,175126,1229,"SSA76","NH"
"1025","","PSME","54.2",-108741,179928,623,"SSC1","NL"
"1029","","PSME","31.5",-108747,179928,621,"SSC1","NL"
"1028","","PSME","53.6",-108762,179919,622,"SSC1","NL"
"1011","","PSME","72",-108587,179554,638,"SSC5B","NL"
"1018","","PIPO","64.5",-108533,179533,613,"SSC5B","NL"
"1020","","PIPO","68.4",-108549,179540,621,"SSC5B","NL"
"1039","","PSME","39",-102909,188411,1184,"SS81","NH"
"1091","","ABCO","71.3",-102858,188390,1208,"SS81","NH"
"1046","","PSME","86.5",-102704,188615,1115,"SS81B","NH"
"1050","","PSME","52",-103129,188626,1152,"SS82","NH"
"1052","","PIPO","32",-103132,188622,1151,"SS82","NH"
"2103","","ABCO","53.4",15357,-26303,1490,"RS91","SL"
"2110","","PSME","144",15354,-26359,1500,"RS91","SL"
"2114","","ABCO","63.8",15380,-26340,1492,"RS91","SL"
"2160","","PSME","32.6",24398,-33184,1423,"RS81","SL"
"2154","","PSME","111.5",25630,-33211,1426,"RS54","SL"
"2158","","PSME","109.7",25660,-33177,1424,"RS54","SL"
"2080","","ABCO","60.1",12083,-26649,1691,"S1A","SH"
"2083","","ABCO","48.1",12067,-26658,1695,"S1A","SH"
"2086","","ABCO","43.1",12009,-26690,1720,"S1A","SH"
"2091","","PILA","63.9",12085,-26664,1696,"S1A","SH"
"2054","","PSME","51.6",17800,-10342,1366,"RS77","SL"
"2059","","PSME","50.9",14556,-12545,1556,"RS78","SH"
"2036","","PIPO","104.3",16763,-11862,1431,"RS85B","SL"
"2038","","PSME","48.6",16689,-11917,1431,"RS85B","SL"
"2044","","PIPO","46.3",16624,-11827,1421,"RS85B","SL"
"2046","","PIPO","56.8",16649,-11810,1417,"RS85B","SL"
"1414","","ABCO","28.5",62493,-86537,1718,"RR20","SH"
"2006","","PSME","58.3",31582,-32282,1216,"RS98F","SL"
"2012","","PSME","71.4",31551,-32293,1216,"RS98F","SL"
"2030","","PSME","83.9",30511,-33533,1263,"RS58","SL"
"2505","","PIPO","131.5",27981,-48946,1462,"SA03","SL"
"2514","","ABCO","34.9",28011,-48928,1462,"SA03","SL"
"2512","","PIPO","105",27969,-48916,1453,"SA03","SL"
"2521","","PIPO","70-",28151,-48866,1450,"SA03","SL"
"2589","","PSME","37.7",32919,-52591,1260,"SB01","SL"
"2525","","PSME","37.6",33193,-52968,1277,"RS10","SL"
"2532","","PSME","53.7",33171,-52976,1280,"RS10","SL"
"2538","","PIPO","104.4",33218,-53020,1280,"RS10","SL"
"2564","","ABCO","28",28500,-52341,1208,"RT02","SL"
"2567","","PSME","36",28494,-52321,1200,"RT02","SL"
"2570","","ABCO","91.5",28510,-52341,1207,"RT02","SL"
"2575","","PSME","35.5",28483,-52319,1199,"RT02","SL"
"1391","","PIPO","81.2",-49172,130856,1690,"ZA03","NH"
"1394","","PSME","51.3",-49122,130868,1684,"ZA03","NH"
"1318","","PSME","28.7",-52824,113483,1075,"ZA22","NL"
"1323","","PSME","27",-52801,113481,1073,"ZA22","NL"
"1327","","ABCO","28.4",-54407,115466,1344,"ZA24","NH"
"1329","","PSME","36.2",-54403,115452,1348,"ZA24","NH"
"1333","","ABCO","99.7",-54409,115436,1353,"ZA24","NH"
"1335","","PSME","36.5",-54415,115474,1341,"ZA24","NH"
"1311","","PIPO","56",-61781,111722,721,"SSA15","NL"
"1340","","PSME","31.2",-53855,115839,1336,"SS15","NH"
"1350","","PSME","63.4",-45820,121744,1812,"ZA09","NH"
"1355","","ABCO","65.5",-45820,121774,1805,"ZA09","NH"
"1374","","ABCO","79.7",-42997,122444,1602,"A1","NH"
"1377","","ABCO","76.5",-42973,122470,1599,"A1","NH"
"1369","","PIPO","47.8",-45445,121760,1798,"ZA10A-C","NH"
"4202","","PSME","50.5",-82036,106467,585,"ARE1","NL"
"4204","","PSME","40.7",-82032,106467,584,"ARE1","NL"
"4210","","PSME","47",-82137,106287,592,"ARE1","NL"
"4215","","PSME","50",-82141,106312,594,"ARE1","NL"
"4017","","PISA","31.2",-88274,100302,390,"HEN1","NL"
"4032","","PIPO","41.5",-88285,100334,376,"HEN1","NL"
"4010","","PISA","44.5",-89484,102303,230,"LLC1","NL"
"4013","","PIPO","77",-89473,102274,240,"LLC1","NL"
"1073","PM205","PSME","50",66452,-91512,1519,"RT01","SL"
"1233","","PSME","37.5",65236,-91547,1400,"RR7","SL"
"1230","","PSME","48.7",65250,-91507,1387,"RR7","SL"
"2582","","PIPO","69.7",28432,-51956,1214,"RS01","SL"
"2604","","PSME","68",30034,-33441,1202,"TEDDY","SL"
"1284","","PIPO","84",-103617,166171,995,"TULLB","NL"
"1013","","PSME","58.2",-108622,179563,648,"SSC5B","NL"
"2082","","ABCO","49.5",12067,-26672,1701,"S1A","SH"
"2048","","PSME","37.5",17776,-10327,1356,"RS77","SL"
"2017","","PSME","24.4",31525,-32224,1220,"RS98F","SL"
"2517","","PSME","71.5",28025,-48930,1464,"SA03","SL"
"1332","","ABCO","92.5",-54413,115439,1351,"ZA24","NH"
"1376","","PSME","53.2",-42994,122466,1596,"A1","NH"
"1358","","PIPO","63.2",-45351,121740,1774,"ZA10A-C","NH"
"4035","","PISA","40.2",-88270,100318,383,"HEN1","NL"
"PM17","","PSME","36",9854,-23109,1366,"HARDIN","SL"
"PM36","","PSME","105.6",9904,-23065,1360,"HARDIN","SL"
"1398","PM20","PSME","33.3",9862,-23095,1366,"HARDIN","SL"
"1103","PM22","PSME","61.7",9867,-23091,1366,"HARDIN","SL"
"1400","PM27","PSME","35.4",9885,-23075,1364,"HARDIN","SL"
"1096","PM39","PSME","33.3",9879,-23062,1366,"HARDIN","SL"
"1140","","PIPO","73",9884,-23083,1364,"HARDIN","SL"
"1138","","PSME","52.8",7482,-23043,1252,"HARDIN B","SL"
"1152","","PSME","44.2",1433,-21064,1114,"LESTAN","SL"
"1157","","PIPO","50.9",1485,-21042,1116,"LESTAN","SL"
"1161","","PIPO","44.1",1511,-21035,1117,"LESTAN","SL"
"1114","","PSME","81.9",2852,-21375,1197,"YSO3","SL"
"1125","","PSME","94.2",2782,-21295,1195,"YSO3","SL"
"1127","","PILA","80.2",2806,-21391,1193,"YSO3","SL"
"1129","","PILA","48.2",2813,-21409,1193,"YSO3","SL"
"1118","","PILA","68.2",2822,-21393,1194,"YSO3","SL"
"1121","","PSME","50.1",2776,-21372,1191,"YSO3","SL"
"1063","","PIPO","53.6",66443,-91511,1516,"RT01","SL"
"1064","PM210","PSME","38.8",66466,-91512,1524,"RT01","SH"
"1065","","PIPO","58.8",66471,-91501,1524,"RT01","SH"
"1067","","PIPO","45.5",66472,-91515,1526,"RT01","SH"
"1069","","PIPO","40.9",66449,-91534,1517,"RT01","SL"
"1072","","PIPO","64.5",66451,-91477,1516,"RT01","SL"
"1074","","PSME","37.9",66600,-91485,1526,"RT02B","SH"
"1080","","PSME","42.7",66600,-91495,1533,"RT02B","SH"
"1077","","PSME","42.3",66605,-91485,1526,"RT02B","SH"
"1225","","PSME","99.5",65219,-91535,1398,"RR7","SL"
"1231","","PIPO","82.1",65206,-91543,1402,"RR7","SL"
"1234","","PIPO","60.9",65200,-91541,1402,"RR7","SL"
"1235","","PSME","38.9",65225,-91460,1376,"RR7","SL"
"1078","","PIPO","54.8",65245,-91499,1386,"RR7","SL"
"1220","","PSME","46.5",66674,-91282,1534,"RT02C","SH"
"1238","","PIPO","78.2",66664,-91322,1526,"RT02C","SH"
"1239","","PIPO","53.1",66663,-91310,1527,"RT02C","SH"
"1241","","PIPO","67.5",66674,-91287,1533,"RT02C","SH"
"1242","","PIPO","92.8",66685,-91275,1538,"RT02C","SH"
"1243","","PSME","48.8",62209,-85141,1696,"RR32","SH"
"1244","","PSME","43.9",62206,-85150,1695,"RR32","SH"
"1245","","PSME","41.2",62216,-85146,1697,"RR32","SH"
"1249","","PIPO","33.1",62230,-85126,1703,"RR32","SH"
"1248","","PIPO","35.4",62237,-85122,1705,"RR32","SH"
"1250","","PIPO","69.4",62215,-85127,1700,"RR32","SH"
"1251","","PIPO","46.9",62205,-85104,1699,"RR32","SH"
"1252","","PSME","27.5",62254,-85106,1713,"RR32","SH"
"1253","","PIPO","28.5",62251,-85104,1712,"RR32","SH"
"1256","","ABCO","31.8",62802,-84124,1681,"RR33","SH"
"1255","","PSME","62.5",62798,-84116,1676,"RR33","SH"
"1257","","ABCO","37.2",62804,-84117,1679,"RR33","SH"
"1041","","ABCO","67.4",62821,-84127,1688,"RR33","SH"
"1236","","ABCO","53.9",62810,-84151,1693,"RR33","SH"
"1266","","ABCO","62.3",63279,-86848,1949,"RR71","SH"
"1265","","ABCO","34",63282,-86834,1948,"RR71","SH"
"1264","","ABCO","62.5",63256,-86833,1935,"RR71","SH"
"1262","","ABCO","36.8",63264,-86817,1935,"RR71","SH"
"1281","","PSME","29.9",67007,-90764,1567,"RT02D","SH"
"1277","","PSME","33",67011,-90764,1567,"RT02D","SH"
"1276","","PIPO","52.4",67009,-90768,1568,"RT02D","SH"
"1272","","PIPO","46.5",67012,-90753,1564,"RT02D","SH"
"1432","","PSME","71.2",10552,-47996,1101,"YB01F","SL"
"1433","","PSME","74",10549,-47995,1101,"YB01F","SL"
"1442","","PSME","93",10534,-48003,1094,"YB01F","SL"
"1425","","PSME","33.8",10501,-47885,1110,"YB01B","SL"
"1426","","PSME","30.4",10502,-47881,1111,"YB01B","SL"
"1428","","PIPO","41.2",10513,-47880,1116,"YB01B","SL"
"1429","","PIPO","78",10504,-47923,1106,"YB01B","SL"
"1431","","PSME","24.9",10511,-47919,1110,"YB01B","SL"
"1500","","PIPO","66",10303,-48116,1109,"YB01A","SL"
"1416","","PSME","49.1",10300,-48134,1114,"YB01A","SL"
"1419","PM219","PSME","34.7",10313,-48147,1115,"YB01A","SL"
"1421","PM221","PSME","126.7",10315,-48156,1116,"YB01A","SL"
"1423","PM218","PSME","72.5",10320,-48145,1113,"YB01A","SL"
"1420","PM220","PSME","51.5",10310,-48153,1117,"YB01A","SL"
"1422","PM217","PSME","72.1",10323,-48131,1110,"YB01A","SL"
"1493","","PIPO","58.5",10308,-48122,1110,"YB01A","SL"
"1495","","PIPO","64.2",10302,-48106,1107,"YB01A","SL"
"1496","","PIPO","78",10365,-48152,1108,"YB01A","SL"
"1424","","PSME","33.3",10313,-48080,1097,"YB01A","SL"
"1492","","PIPO","31.9",10311,-48073,1094,"YB01A","SL"
"2141","","PIPO","50.8",33190,-31909,1233,"RS98B","SL"
"2145","","PSME","81.3",33206,-31885,1244,"RS98B","SL"
"2147","","PIPO","47.3",33196,-31909,1233,"RS98B","SL"
"2149","","PIPO","124.5",33242,-31886,1242,"RS98B","SL"
"2117","","PIPO","47.4",15616,-26035,1477,"RS91H","SL"
"2118","","ABCO","58.9",15618,-26029,1479,"RS91H","SL"
"2121","","ABCO","46.7",15641,-26026,1482,"RS91H","SL"
"2127","","ABCO","81.6",15623,-26052,1473,"RS91H","SL"
"2128","","PSME","61.6",15661,-26068,1474,"RS91H","SL"
"2130","","PIPO","117.6",15655,-26049,1478,"RS91H","SL"
"2132","","ABCO","74.7",15726,-26061,1485,"RS91H","SL"
"2133","","PIPO","60.8",15730,-26074,1483,"RS91H","SL"
"2135","","PIPO","61.6",15780,-26062,1494,"RS91H","SL"
"2136","","ABCO","47.1",15777,-26056,1494,"RS91H","SL"
"2139","","PIPO","53.1",15765,-26035,1496,"RS91H","SL"
"2542","","PSME","72.1",28535,-52207,1203,"RS01","SL"
"2543","","PIPO","47.1",28547,-52201,1204,"RS01","SL"
"2544","","PSME","56.4",28409,-52162,1207,"RS01","SL"
"2545","","PIPO","45.3",28424,-52145,1207,"RS01","SL"
"2546","","PSME","50.2",28303,-52055,1187,"RS01","SL"
"2547","","PIPO","48",28310,-52026,1188,"RS01","SL"
"2549","","PIPO","53.5",28311,-52055,1188,"RS01","SL"
"2550","","PSME","103.8",28248,-51780,1195,"RS01","SL"
"2551","","PSME","56.4",27853,-51780,1183,"RS01","SL"
"2552","","PSME","49.7",27788,-51768,1183,"RS01","SL"
"2553","","PSME","41",27712,-51650,1190,"RS01","SL"
"2554","","PIPO","68",27710,-51651,1190,"RS01","SL"
"2555","","PSME","48",27683,-51704,1184,"RS01","SL"
"2556","","PSME","42.2",27679,-51704,1183,"RS01","SL"
"2558","","PIPO","44",27679,-51691,1184,"RS01","SL"
"2559","","PSME","48",27778,-51648,1193,"RS01","SL"
"2560","","PIPO","44.4",27780,-51640,1194,"RS01","SL"
"2577","","PSME","37.2",28462,-52006,1217,"RS01","SL"
"2578","","PIPO","55.5",28460,-52000,1217,"RS01","SL"
"2579","","PSME","99",28442,-51949,1216,"RS01","SL"
"2580","","PIPO","82",28441,-51941,1217,"RS01","SL"
"2591","","ABCO","42.7",30021,-33410,1198,"TEDDY","SL"
"2592","","PIPO","78.2",30025,-33419,1199,"TEDDY","SL"
"2594","","PIPO","82.4",30059,-33420,1203,"TEDDY","SL"
"PM45","","PSME","40.2",30050,-33437,1204,"TEDDY","SL"
"2595","","ABCO","50.9",30042,-33455,1205,"TEDDY","SL"
"PM46","","PSME","46",30051,-33454,1206,"TEDDY","SL"
"2597","","ABCO","59.5",30054,-33464,1208,"TEDDY","SL"
"2598","","PIPO","48.5",30074,-33455,1209,"TEDDY","SL"
"2599","","PIPO","81.2",30039,-33422,1201,"TEDDY","SL"
"2603","","PIPO","45",30017,-33457,1203,"TEDDY","SL"
"2606","","PSME","60",30003,-33450,1201,"TEDDY","SL"
"2609","","ABCO","56.7",30042,-33411,1200,"TEDDY","SL"
"PM99","","PSME","",28053,-48901,1458,"SA03","SL"
"PM97","","PSME","",28044,-48895,1455,"SA03","SL"
"PM94","","PSME","",28031,-48899,1455,"SA03","SL"
"PM89","","PSME","",27988,-48925,1458,"SA03","SL"
"PM262","","PSME","",28124,-48880,1455,"SA03","SL"
"PM265","","PSME","",28143,-48868,1451,"SA03","SL"
"4036","","PSME","29.5",-83917,105128,426,"ULC1","NL"
"4037","","PSME","37.8",-83917,105124,427,"ULC1","NL"
"4049","","PSME","36.8",-83925,105111,435,"ULC1","NL"
"1444","","PSME","51",-48876,130181,1713,"ZA04A","NH"
"1455","","PILA","80",-48883,130177,1715,"ZA04A","NH"
"1456","","PSME","128.2",-48926,130113,1762,"ZA04A","NH"
"1459","","PILA","73.1",-48963,130146,1740,"ZA04A","NH"
"1460","","PSME","69.1",-46993,129433,1933,"ZA07","NH"
"1462","","PSME","33.8",-46999,129442,1931,"ZA07","NH"
"1466","","PSME","36",-46976,129439,1938,"ZA07","NH"
"1468","","PIPO","39.8",-46975,129449,1939,"ZA07","NH"
"1469","","PSME","41.4",-47006,129475,1931,"ZA07","NH"
"1470","","PSME","63.4",-54417,130071,1463,"WA01","NH"
"1473","","ABCO","72.3",-54429,130066,1464,"WA01","NH"
"1478","","PILA","45.7",-54434,130024,1471,"WA01","NH"
"1484","","PILA","79",-54454,130104,1463,"WA01","NH"
"4217","","PSME","37.5",-83852,105082,430,"ULC1B","NL"
"4222","","PSME","27",-83863,105099,424,"ULC1B","NL"
"1485","","PSME","87.9",-64015,117770,1246,"SS24","NH"
"1487","","PIPO","43.7",-64020,117754,1245,"SS24","NH"
"1101","","PIPO","66.2",-64050,117781,1246,"SS24","NH"
"1056","","PSME","72",-103101,188698,1164,"SS82","NH"
"1058","","PIPO","65.9",-103103,188706,1166,"SS82","NH"
"1059","","ABCO","",-103130,188668,1163,"SS82","NH"
"1060","","ABCO","",-103130,188668,1163,"SS82","NH"
"1061","","ABCO","",-103130,188668,1163,"SS82","NH"
"1295","","PSME","55.6",-84887,184385,1543,"TR15","NH"
"1001","","ABCO","53.5",-84883,184376,1541,"TR15","NH"
"1201","","PSME","42.3",-84930,184397,1548,"TR15","NH"
"1202","","ABCO","52.3",-84929,184396,1547,"TR15","NH"
"1002","","PSME","48.6",-84950,184393,1549,"TR15","NH"
"1003","","ABCO","69.4",-84955,184393,1550,"TR15","NH"
"1100","","PSME","104",-84971,184393,1552,"TR15","NH"
"1004","","ABCO","51.2",-85008,184406,1561,"TR15","NH"
"1205","","PSME","48.8",-85018,184396,1560,"TR15","NH"
"1206","","ABCO","69.1",-85028,184393,1560,"TR15","NH"
"1287","","PSME","136.3",-103778,166254,999,"TULLB","NL"
"1215","","PILA","112",-103777,166257,998,"TULLB","NL"
"1216","","PIPO","90.4",-103787,166248,998,"TULLB","NL"
"1204","","PSME","69.2",-103778,166347,993,"TULLB","NL"
"1217","","PILA","152",-103797,166369,992,"TULLB","NL"
"1283","","PIPO","94.9",-103575,166177,988,"TULLB","NL"
"1218","","PSME","63.5",-103597,166192,990,"TULLB","NL"
"1285","","PSME","66.2",-103599,166174,992,"TULLB","NL"
"1219","","PIPO","85.5",-103618,166146,998,"TULLB","NL"
"1282","","PSME","76.5",-103623,166147,999,"TULLB","NL"
"1286","","PIPO","75",-103618,166152,997,"TULLB","NL"
"1207","","PSME","52.7",-92465,175097,1224,"SSA76","NH"
"1208","","PIPO","45.6",-92461,175091,1224,"SSA76","NH"
"1209","","CADE","",-92458,175080,1224,"SSA76","NH"
"1210","","PSME","43.2",-92449,175121,1226,"SSA76","NH"
"1212","","CADE","54.8",-92464,175112,1224,"SSA76","NH"
"1294","","PSME","36.2",-92425,175124,1229,"SSA76","NH"
"1292","","CADE","62",-92430,175134,1228,"SSA76","NH"
"1291","","PSME","67.3",-92408,175128,1232,"SSA76","NH"
"1214","","CADE","64.5",-92415,175128,1230,"SSA76","NH"
"1290","","PIPO","69.1",-92410,175138,1232,"SSA76","NH"
"1203","","PSME","57.7",-92407,175140,1233,"SSA76","NH"
"1289","","PIPO","46.1",-92400,175141,1234,"SSA76","NH"
"1288","","CADE","49.5",-92403,175148,1234,"SSA76","NH"
"1022","","PSME","54.2",-108745,179925,623,"SSC1","NL"
"1023","","PSME","56",-108741,179925,624,"SSC1","NL"
"1026","","PSME","48.5",-108750,179928,621,"SSC1","NL"
"1030","","PSME","32",-108749,179928,621,"SSC1","NL"
"1031","","PSME","67.8",-108768,179916,622,"SSC1","NL"
"1005","","PSME","67.9",-108607,179550,640,"SSC5B","NL"
"1006","","CADE","97",-108603,179543,636,"SSC5B","NL"
"1008","","PSME","42.2",-108612,179550,640,"SSC5B","NL"
"1010","","PSME","62",-108604,179561,644,"SSC5B","NL"
"1012","","PSME","47.8",-108584,179551,636,"SSC5B","NL"
"1014","","PSME","71.4",-108615,179559,645,"SSC5B","NL"
"1015","","PIPO","83.3",-108558,179533,620,"SSC5B","NL"
"1016","","PSME","29.2",-108555,179526,617,"SSC5B","NL"
"1019","","PIPO","56.3",-108531,179534,613,"SSC5B","NL"
"1021","","PSME","56",-108548,179535,618,"SSC5B","NL"
"1032","","PSME","109.8",-102898,188417,1186,"SS81","NH"
"1033","","ABCO","102.5",-102902,188429,1182,"SS81","NH"
"1040","","ABCO","57.7",-102911,188406,1184,"SS81","NH"
"1092","","ABCO","53.5",-102855,188397,1208,"SS81","NH"
"1093","","ABCO","56.2",-102854,188399,1207,"SS81","NH"
"1090","","ABCO","47.1",-102850,188402,1209,"SS81","NH"
"1089","","PSME","94.6",-102849,188385,1213,"SS81","NH"
"1042","","PSME","48.5",-102695,188590,1125,"SS81B","NH"
"1043","","PSME","50",-102692,188591,1124,"SS81B","NH"
"1086","","ABCO","88.6",-102678,188618,1113,"SS81B","NH"
"1085","","PIPO","68.9",-103155,188728,1179,"SS82","NH"
"1084","","PSME","42.2",-103160,188776,1190,"SS82","NH"
"1047","","PIPO","81.3",-103173,188779,1193,"SS82","NH"
"1083","","PSME","99.5",-103166,188791,1194,"SS82","NH"
"1081","","PSME","63.3",-103130,188668,1163,"SS82","NH"
"1082","","PSME","83.3",-103118,188663,1160,"SS82","NH"
"1048","","PIPO","56.2",-103121,188636,1154,"SS82","NH"
"1051","","ABCO","39.4",-103130,188624,1151,"SS82","NH"
"1054","","PSME","58.5",-103134,188622,1151,"SS82","NH"
"1053","","PIPO","36",-103134,188636,1154,"SS82","NH"
"1055","","PSME","38.7",-103130,188625,1151,"SS82","NH"
"1300","","PSME","70.1",-125478,195037,596,"TR01","NL"
"1299","","PSME","",-125478,195037,596,"TR01","NL"
"1298","","PSME","",-125478,195037,596,"TR01","NL"
"1297","","PSME","",-125478,195037,596,"TR01","NL"
"1296","","PSME","",-125478,195037,596,"TR01","NL"
"2101","","ABCO","84.7",15355,-26280,1485,"RS91","SL"
"2105","","ABCO","95.1",15346,-26329,1496,"RS91","SL"
"2111","","ABCO","72.5",15350,-26349,1499,"RS91","SL"
"2112","","PSME","82.8",15347,-26361,1502,"RS91","SL"
"2115","","ABCO","61.8",15378,-26335,1492,"RS91","SL"
"2161","","PIPO","56.9",24395,-33202,1419,"RS81","SL"
"2162","","PSME","34",24404,-33186,1421,"RS81","SL"
"2163","","PIPO","22.5",24413,-33181,1419,"RS81","SL"
"2164","","PSME","56.8",24419,-33164,1422,"RS81","SL"
"2165","","PIPO","34.6",24418,-33143,1429,"RS81","SL"
"2166","","PSME","47.7",24413,-33135,1434,"RS81","SL"
"2167","","PIPO","28.1",24384,-33165,1431,"RS81","SL"
"2150","","PSME","56.5",25645,-33226,1431,"RS54","SL"
"2153","","PIPO","59",25662,-33200,1428,"RS54","SL"
"2155","","PIPO","92.5",25625,-33217,1427,"RS54","SL"
"2159","","PIPO","83.2",25666,-33189,1427,"RS54","SL"
"PM8","","PSME","58",12081,-26661,1695,"S1A","SH"
"PM10","","PSME","47.2",12085,-26664,1695,"S1A","SH"
"PM11","","PSME","54.9",12090,-26668,1696,"S1A","SH"
"2081","","ABCO","42.8",12086,-26641,1688,"S1A","SH"
"2084","","ABCO","46.7",12068,-26655,1694,"S1A","SH"
"2085","","ABCO","122.5",12030,-26668,1705,"S1A","SH"
"2087","","ABCO","34.1",12008,-26690,1720,"S1A","SH"
"PM4","","PSME","53.6",12043,-26676,1706,"S1A","SH"
"PM5","","PSME","59.1",12046,-26674,1705,"S1A","SH"
"PM2","","PSME","47.5",12048,-26672,1703,"S1A","SH"
"PM1","","PSME","47.6",12047,-26668,1702,"S1A","SH"
"PM3","","PSME","28.5",12054,-26666,1700,"S1A","SH"
"2088","","PILA","82.2",12030,-26668,1705,"S1A","SH"
"2092","","PILA","39",12079,-26660,1695,"S1A","SH"
"2055","","PSME","47.1",17802,-10339,1364,"RS77","SL"
"2058","","PSME","33.4",14555,-12551,1557,"RS78","SH"
"2060","","PSME","60.8",14560,-12544,1557,"RS78","SH"
"2032","","PSME","58.4",16732,-11870,1433,"RS85B","SL"
"2033","","PIPO","86.6",16744,-11855,1427,"RS85B","SL"
"2037","","PIPO","133.2",16762,-11868,1433,"RS85B","SL"
"2039","","PIPO","78.9",16693,-11913,1431,"RS85B","SL"
"2045","","PSME","61.3",16617,-11825,1420,"RS85B","SL"
"2047","","PSME","59.9",16661,-11826,1424,"RS85B","SL"
"1401","","PSME","100",62448,-86579,1715,"RR20","SH"
"1415","","PIPO","97.7",62477,-86543,1715,"RR20","SH"
"2000","","PSME","106.6",31574,-32315,1214,"RS98F","SL"
"2002","","PIPO","45.3",31580,-32311,1214,"RS98F","SL"
"2007","","PIPO","70.8",31587,-32288,1215,"RS98F","SL"
"2013","","PIPO","47.3",31547,-32291,1216,"RS98F","SL"
"2014","","PIPO","57.8",31486,-32302,1216,"RS98F","SL"
"2015","","PSME","51.9",31486,-32303,1216,"RS98F","SL"
"2016","","PIPO","35.4",31530,-32221,1221,"RS98F","SL"
"2018","","PIPO","80.7",31543,-32222,1220,"RS98F","SL"
"2019","","PSME","80.5",31538,-32217,1221,"RS98F","SL"
"2020","","PSME","108.3",30560,-33569,1278,"RS58","SL"
"2021","","PSME","106.2",30555,-33509,1254,"RS58","SL"
"2023","","PSME","90.5",30543,-33499,1251,"RS58","SL"
"2029","","ABCO","86.5",30492,-33529,1263,"RS58","SL"
"2031","","PSME","124.4",30509,-33536,1265,"RS58","SL"
"2500","","PIPO","83.5",28019,-48934,1465,"SA03","SL"
"2506","","ABCO","45.9",27989,-48949,1465,"SA03","SL"
"2507","","PIPO","78.5",28028,-48945,1470,"SA03","SL"
"2508","","PIPO","101",28057,-48949,1475,"SA03","SL"
"2515","","ABCO","41.4",28004,-48932,1462,"SA03","SL"
"2516","","ABCO","42.5",27993,-48922,1458,"SA03","SL"
"2518","","PSME","41.9",28029,-48945,1470,"SA03","SL"
"2519","","PSME","68.5",27956,-48919,1452,"SA03","SL"
"2522","","ABCO","61",28149,-48855,1447,"SA03","SL"
"2523","","ABCO","42.5",28161,-48866,1450,"SA03","SL"
"PM293","","PSME","44.3",32864,-52586,1262,"SB01","SL"
"2583","","PIPO","45.5",32856,-52589,1263,"SB01","SL"
"2584","","PIPO","63",32873,-52590,1262,"SB01","SL"
"PM294","","PSME","31.8",32877,-52590,1262,"SB01","SL"
"2585","","PIPO","43.8",32868,-52614,1265,"SB01","SL"
"PM292","","PSME","36.5",32862,-52607,1265,"SB01","SL"
"PM290","","PSME","38",32882,-52608,1264,"SB01","SL"
"2587","","PIPO","46",32881,-52599,1263,"SB01","SL"
"PM285","","PSME","60",32887,-52645,1269,"SB01","SL"
"2588","","PIPO","58.7",32872,-52642,1269,"SB01","SL"
"2590","","PSME","37.3",32925,-52594,1260,"SB01","SL"
"2524","","PIPO","81.1",33189,-52969,1277,"RS10","SL"
"2526","","PIPO","69",33194,-52965,1277,"RS10","SL"
"2531","","PIPO","105",33166,-52983,1281,"RS10","SL"
"2533","","PSME","76.3",33176,-52966,1279,"RS10","SL"
"2534","","PIPO","116.2",33193,-53000,1279,"RS10","SL"
"2539","","ABCO","89",33220,-53033,1281,"RS10","SL"
"2540","","PSME","35.5",33221,-53024,1280,"RS10","SL"
"2541","","PSME","39.9",33177,-52974,1279,"RS10","SL"
"2561","","PSME","47.5",28502,-52321,1199,"RT02","SL"
"2562","","ABCO","43.8",28503,-52314,1196,"RT02","SL"
"2565","","PSME","51",28503,-52343,1209,"RT02","SL"
"2568","","ABCO","38.4",28493,-52318,1198,"RT02","SL"
"2571","","PSME","107.7",28503,-52340,1207,"RT02","SL"
"2576","","ABCO","42",28479,-52301,1193,"RT02","SL"
"PM41","","PSME","",30023,-33416,1199,"TEDDY","SL"
"PM44","","PSME","",30042,-33436,1203,"TEDDY","SL"
"PM47","","","",30048,-33464,1207,"TEDDY","SL"
"PM48","","","",30042,-33465,1207,"TEDDY","SL"
"PM101","","","",30044,-33433,1203,"TEDDY","SL"
"1381","","PSME","120.5",-49118,130839,1675,"ZA03","NH"
"1392","","PIPO","58.9",-49172,130853,1689,"ZA03","NH"
"1393","","PSME","54.4",-49171,130867,1694,"ZA03","NH"
"1395","","PIPO","68.6",-49115,130868,1682,"ZA03","NH"
"1396","","PIPO","81.3",-49119,130860,1681,"ZA03","NH"
"1316","","PSME","41",-52827,113478,1073,"ZA22","NL"
"1320","","PSME","44.6",-52822,113483,1075,"ZA22","NL"
"1321","","PSME","28",-52806,113483,1074,"ZA22","NL"
"1324","","PSME","20-40",-52799,113481,1073,"ZA22","NL"
"1325","","PSME","65.3",-54397,115457,1348,"ZA24","NH"
"1328","","PSME","31.3",-54409,115468,1343,"ZA24","NH"
"1330","","ABCO","33",-54412,115454,1347,"ZA24","NH"
"1334","","PSME","80.6",-54392,115428,1359,"ZA24","NH"
"1336","","ABCO","34.4",-54431,115476,1340,"ZA24","NH"
"1301","","PIPO","61",-61854,111693,715,"SSA15","NL"
"1302","","PSME","13",-61848,111700,712,"SSA15","NL"
"1306","","PIPO","30.8",-61794,111665,737,"SSA15","NL"
"1312","","PSME","48.8",-61779,111725,720,"SSA15","NL"
"1313","","PIPO","116.8",-61769,111757,701,"SSA15","NL"
"1314","","PSME","120.5",-61837,111692,717,"SSA15","NL"
"1337","","PSME","65.7",-53807,115834,1329,"SS15","NH"
"1338","","PIPO","27",-53834,115827,1330,"SS15","NH"
"1339","","PSME","30.5",-53834,115828,1330,"SS15","NH"
"1341","","PIPO","49.8",-53854,115836,1335,"SS15","NH"
"1342","","PSME","39.2",-53859,115842,1337,"SS15","NH"
"1343","","PIPO","29.5",-53854,115835,1334,"SS15","NH"
"1345","","PIPO","54.8",-53832,115850,1337,"SS15","NH"
"1346","","PSME","32.7",-53828,115854,1338,"SS15","NH"
"1344","","PIPO","51.2",-53875,115852,1342,"SS15","NH"
"1347","","ABCO","52.8",-45786,121747,1820,"ZA09","NH"
"1351","","ABCO","36.4",-45821,121744,1812,"ZA09","NH"
"1352","","ABCO","46.4",-45822,121740,1812,"ZA09","NH"
"1353","","PSME","74.5",-45809,121788,1806,"ZA09","NH"
"1354","","ABCO","59",-45804,121783,1808,"ZA09","NH"
"1356","","PSME","29.5",-45816,121765,1809,"ZA09","NH"
"1371","","PSME","72.5",-43019,122458,1592,"A1","NH"
"1375","","ABCO","38.8",-42996,122445,1602,"A1","NH"
"1378","","PSME","63.5",-42998,122479,1591,"A1","NH"
"1380","","ABCO","50.6",-42967,122470,1600,"A1","NH"
"1379","","PSME","70.8",-42995,122479,1592,"A1","NH"
"1357","","PSME","52",-45341,121761,1772,"ZA10A-C","NH"
"1360","","PSME","45.5",-45391,121770,1783,"ZA10A-C","NH"
"1364","","PIPO","46",-45416,121744,1791,"ZA10A-C","NH"
"1368","","PIPO","65.5",-45434,121776,1796,"ZA10A-C","NH"
"1370","","PSME","44",-45442,121744,1796,"ZA10A-C","NH"
"4200","","PSME","39.8",-82036,106479,586,"ARE1","NL"
"4203","","PSME","49.1",-82041,106476,587,"ARE1","NL"
"4205","","PSME","51.2",-82045,106468,587,"ARE1","NL"
"4206","","PSME","36.5",-82031,106467,583,"ARE1","NL"
"4207","","PSME","76.9",-82142,106292,593,"ARE1","NL"
"4211","","PSME","70.8",-82137,106287,592,"ARE1","NL"
"4216","","PSME","32.2",-82141,106311,594,"ARE1","NL"
"4015","","PSME ","33",-88276,100299,390,"HEN1","NL"
"4018","","PSME","27.1",-88272,100303,389,"HEN1","NL"
"4019","","PSME","70",-88227,100323,380,"HEN1","NL"
"4033","","PIPO","58.9",-88287,100319,382,"HEN1","NL"
"4034","","PISA","42.8",-88271,100321,382,"HEN1","NL"
"4000","","PSME","83.5",-89486,102252,250,"LLC1","NL"
"4009","","PIPO","70.5",-89467,102292,233,"LLC1","NL"
"4011","","PSME","51.2",-89491,102291,238,"LLC1","NL"
"4012","","PISA","58.1",-89450,102291,228,"LLC1","NL"
"4014","","PISA","84.3",-89486,102252,250,"LLC1","NL"
"PM13","","PSME","37.8",9828,-23101,1368,"HARDIN","SL"
"PM18","","PSME","23",9855,-23106,1366,"HARDIN","SL"
"PM19","","PSME","21.9",9863,-23107,1365,"HARDIN","SL"
"PM20","","PSME","32.4",9862,-23095,1366,"HARDIN","SL"
"PM21","","PSME","28.4",9862,-23092,1367,"HARDIN","SL"
"PM22","","PSME","60.8",9867,-23091,1366,"HARDIN","SL"
"PM23","","PSME","36.2",9861,-23087,1367,"HARDIN","SL"
"PM24","","PSME","47.8",9878,-23093,1364,"HARDIN","SL"
"PM25","","PSME","41.2",9894,-23084,1362,"HARDIN","SL"
"PM26","","PSME","71.3",9895,-23089,1361,"HARDIN","SL"
"AC2","","ABCO","28.3",9840,-23026,1369,"HARDIN","SL"
"PM27","","PSME","34.8",9885,-23075,1364,"HARDIN","SL"
"PM39","","PSME","32.4",9879,-23062,1366,"HARDIN","SL"
"PM40","","PSME","42.3",9874,-23064,1366,"HARDIN","SL"
"PM28","","PSME","15.8",1459,-20992,1097,"LESTAN","SL"
"PM29","","PSME","77.8",1451,-20950,1090,"LESTAN","SL"
"PM30","","PSME","29",1442,-21022,1101,"LESTAN","SL"
"PM31","","PSME","41.1",1429,-21051,1108,"LESTAN","SL"
"PM32","","PSME","41.7",1420,-21064,1110,"LESTAN","SL"
"PM33","","PSME","33.2",1412,-21068,1108,"LESTAN","SL"
"PM34","","PSME","32.2",1410,-21067,1107,"LESTAN","SL"
"1164","","PSME","37.1",-42981,122488,1591,"A1","NH"
"1163","","PSME","44",-42980,122480,1594,"A1","NH"
"1171","","PSME","33.9",-42977,122492,1590,"A1","NH"
"1170","","PSME","38.9",-42989,122498,1586,"A1","NH"
"1169","","PSME","54.3",-45751,121742,1826,"ZA09.unburned","NH"
"1168","","PSME","58.8",-45745,121732,1828,"ZA09.unburned","NH"
"1167","","PSME","47.7",-45753,121701,1830,"ZA09.unburned","NH"
"1166","","PSME","28.6",-45768,121710,1827,"ZA09.unburned","NH"
"1165","","PSME","36.5",-45772,121735,1824,"ZA09.unburned","NH"
"1335D","","PSME","",-54397,115457,1348,"ZA24.dense","NH"
"1328D","","PSME","",-54397,115457,1348,"ZA24.dense","NH"
"1325D","","PSME","",-54397,115457,1348,"ZA24.dense","NH"
"1329D","","PSME","",-54397,115457,1348,"ZA24.dense","NH"
"1172","","PSME","40.2",-54418,115490,1336,"ZA24.thin","NH"
"1173","","PSME","32.6",-54431,115493,1334,"ZA24.thin","NH"
"1174","","PSME","37.4",-54443,115489,1335,"ZA24.thin","NH"
"1175","","PSME","42.5",-54440,115490,1335,"ZA24.thin","NH"
"1180","","PSME","50.2",-45772,121735,1824,"ZA09.unburned","NH"
"1182","","PSME","29",-42974,122494,1590,"A1","NH"
"1183","","PSME","44.1",-42960,122496,1590,"A1","NH"
"8000","","PSME","76.9",-88284,100343,370,"HEN1","NL"
"8001","","PSME","60",-88286,100331,377,"HEN1","NL"
"8003","","PSME","52",-89467,102273,239,"LLC","NL"
"8004","","PSME","39.1",-89453,102288,230,"LLC","NL"
"8005","","PSME","42.2",-89451,102255,242,"LLC","NL"
"8006","","PSME","42.9",-89454,102247,246,"LLC","NL"
"8007","","PSME","42.2",-89432,102255,238,"LLC","NL"
"8008","","PSME","34.8",-89505,102252,253,"LLC","NL"
"8009","","PSME","35.2",-83869,105096,425,"ULC1","NL"
"8010","","PSME","37.7",-83854,105080,430,"ULC1","NL"
"8011","","PSME","45.1",-83924,105136,423,"ULC1","NL"
"8012","","PSME","55.8",-83895,105134,417,"ULC1","NL"
"8013","","PSME","52.1",-83916,105142,419,"ULC1","NL"
"8014","","PSME","53.8",-83891,105147,413,"ULC1","NL"
"1176D","","PSME","41.2",-54435,115453,1346,"ZA24.dense","NH"
"1177D","","PSME","31",-54450,115443,1346,"ZA24.dense","NH"
"1178D","","PSME","43.2",-54465,115466,1339,"ZA24.dense","NH"
"1179D","","PSME","26.2",-54439,115474,1340,"ZA24.dense","NH"
"1098","PM21","PSME","29.3",9862,-23092,1367,"HARDIN","SL"
"1443","PM23","PSME","37.3",9861,-23087,1367,"HARDIN","SL"
"1106","PM24","PSME","49.9",9878,-23093,1364,"HARDIN","SL"
"1107","PM26","PSME","72.4",9895,-23089,1361,"HARDIN","SL"
"1399","PM40","PSME","43.5",9874,-23064,1366,"HARDIN","SL"
"9231","","PIPO","50.9",9856,-23101,1366,"HARDIN","SL"
"1261","","PIPO","58.1",9874,-23090,1365,"HARDIN","SL"
"1097","","PIPO","45.4",9885,-23076,1364,"HARDIN","SL"
"1109","","PIPO","82.9",9876,-23061,1366,"HARDIN","SL"
"1141","","PIPO","58.6",9881,-23082,1364,"HARDIN","SL"
"1142","","PIPO","91.5",9899,-23087,1361,"HARDIN","SL"
"1133","","PSME","48.6",7511,-23021,1256,"HARDIN B","SL"
"1139","","PSME","51",7490,-23049,1252,"HARDIN B","SL"
"1143","","PSME","38.1",1479,-21012,1105,"LESTAN","SL"
"1149","","PSME","84.6",1452,-21045,1111,"LESTAN","SL"
"1153","","PIPO","47.3",1433,-21065,1114,"LESTAN","SL"
"1154","","PIPO","61.9",1442,-21063,1116,"LESTAN","SL"
"1158","","PIPO","51.5",1485,-21041,1116,"LESTAN","SL"
"1160","","PIPO","34.5",1507,-21048,1121,"LESTAN","SL"
"1162","","PSME","35.6",1509,-21032,1115,"LESTAN","SL"
"1110","","PSME","65.2",2828,-21346,1198,"YSO3","SL"
"1115","","PILA","80.2",2855,-21389,1196,"YSO3","SL"
"1122","","PSME","91.9",2775,-21286,1194,"YSO3","SL"
"1126","","PIPO","89.5",2779,-21304,1196,"YSO3","SL"
"1128","","PIPO","49.4",2798,-21398,1191,"YSO3","SL"
"1130","","PILA","59.9",2825,-21404,1194,"YSO3","SL"
"1131","","PIPO","38.4",2826,-21389,1195,"YSO3","SL"
"1132","","PSME","65.1",2764,-21371,1189,"YSO3","SL"
